{
    "Select Subset": 0.0469212532043457,
    "Mutation&Extraction": 28.47087264060974,
    "Initialize Susp": 0.4409520626068115,
    "all": 28.9587459564209
}