{
    "Select Subset": 185.5246822834015,
    "Mutation&Extraction": 616.5312893390656,
    "Initialize Susp": 0.5907814502716064,
    "Update Susp": 4.459600925445557,
    "all": 807.1063539981842
}