{
    "Adversarial": {
        "pobl10": 0.982,
        "apfd": 0.970696538888889,
        "rauc": 0.9954256410256411,
        "roc_auc": 0.9954524970760232
    },
    "DFauLo_noManual": {
        "pobl10": 0.14,
        "apfd": 0.8825634944444445,
        "rauc": 0.9050222222222223,
        "roc_auc": 0.9026808713450291
    },
    "DFauLo_Manual": {
        "pobl10": 0.9926666666666667,
        "apfd": 0.9693841777777779,
        "rauc": 0.9940991452991453,
        "roc_auc": 0.9940710643274855
    },
    "CleanLab": {
        "pobl10": 0.9953333333333333,
        "apfd": 0.9733802722222222,
        "rauc": 0.9981641025641026,
        "roc_auc": 0.9982774795321637
    },
    "SemiFeat": {
        "pobl10": 0.9893333333333333,
        "apfd": 0.9616873111111112,
        "rauc": 0.9858940170940169,
        "roc_auc": 0.9858489298245614
    },
    "NVNC": {
        "pobl10": 0.9823333333333333,
        "apfd": 0.9678474666666668,
        "rauc": 0.9924649572649572,
        "roc_auc": 0.9924534707602339
    },
    "DIF": {
        "pobl10": 0.271,
        "apfd": 0.4803679055555556,
        "rauc": 0.49278974358974365,
        "roc_auc": 0.5903245614035088
    },
    "DeepGini": {
        "pobl10": 0.123,
        "apfd": 0.535306888888889,
        "rauc": 0.549046153846154,
        "roc_auc": 0.5371476023391812
    }
}