{
    "Select Subset": 0.04665827751159668,
    "Mutation&Extraction": 83.04635643959045,
    "Initialize Susp": 1.6351468563079834,
    "all": 84.72816157341003
}