{
    "Select Subset": 644.1631374359131,
    "Mutation&Extraction": 1664.4207036495209,
    "Initialize Susp": 0.8052995204925537,
    "Update Susp": 4.118528366088867,
    "all": 2313.5076689720154
}