{
    "Adversarial": {
        "pobl10": 1.0,
        "apfd": 0.9750139000000001,
        "rauc": 0.9999726495726496,
        "roc_auc": 0.9999970877192982
    },
    "DFauLo_noManual": {
        "pobl10": 0.9793333333333333,
        "apfd": 0.9706474166666668,
        "rauc": 0.9953982905982904,
        "roc_auc": 0.9954007894736843
    },
    "DFauLo_Manual": {
        "pobl10": 0.995,
        "apfd": 0.9716791333333334,
        "rauc": 0.9963521367521369,
        "roc_auc": 0.9964868070175439
    },
    "CleanLab": {
        "pobl10": 0.9933333333333333,
        "apfd": 0.97310045,
        "rauc": 0.9978632478632478,
        "roc_auc": 0.9979829298245615
    },
    "SemiFeat": {
        "pobl10": 0.956,
        "apfd": 0.9441164444444445,
        "rauc": 0.9681435897435899,
        "roc_auc": 0.9743261842105263
    },
    "NVNC": {
        "pobl10": 0.853,
        "apfd": 0.9466033611111112,
        "rauc": 0.9706529914529913,
        "roc_auc": 0.9700912543859648
    },
    "DIF": {
        "pobl10": 0.271,
        "apfd": 0.4803679055555556,
        "rauc": 0.49278974358974365,
        "roc_auc": 0.5903245614035088
    },
    "DeepGini": {
        "pobl10": 0.288,
        "apfd": 0.6782026611111112,
        "rauc": 0.6955247863247863,
        "roc_auc": 0.6875642046783625
    }
}