{
  "(a) Random Label Noise": {
    "DeepGini": {
      "PoBL(10%)": 0.1032,
      "APFD": 0.5063380399999999,
      "RAUC": 0.5193210666666668,
      "ROC_AUC": 0.5066716210526315
    },
    "CleanLab": {
      "PoBL(10%)": 0.4744,
      "APFD": 0.828062008,
      "RAUC": 0.8492943671794873,
      "ROC_AUC": 0.15467157473684212
    },
    "DIF": {
      "PoBL(10%)": 0.1652,
      "APFD": 0.5291871679999999,
      "RAUC": 0.5427560697435897,
      "ROC_AUC": 0.5344736842105263
    },
    "SimiFeat": {
      "PoBL(10%)": 0.286,
      "APFD": 0.8076836559999999,
      "RAUC": 0.8283934933333332,
      "ROC_AUC": 0.8330575873684211
    },
    "NCNV": {
      "PoBL(10%)": 0.9992,
      "APFD": 0.97458696,
      "RAUC": 0.9995763692307691,
      "ROC_AUC": 0.9995652210526316
    },
    "DFauLo": {
      "PoBL(10%)": 0.9464,
      "APFD": 0.953961384,
      "RAUC": 0.9784219323076923,
      "ROC_AUC": 0.9781348968421053
    },
    "ADDFL": {
      "PoBL(10%)": 0.89,
      "APFD": 0.9525377599999999,
      "RAUC": 0.9769618051282051,
      "ROC_AUC": 0.9763555368421053
    }
  },
  "(b) Specific Label Noise": {
    "DeepGini": {
      "PoBL(10%)": 0.096,
      "APFD": 0.5401012399999999,
      "RAUC": 0.5428153165829146,
      "ROC_AUC": 0.5405063030303031
    },
    "CleanLab": {
      "PoBL(10%)": 0.11,
      "APFD": 0.77862568,
      "RAUC": 0.7825383718592964,
      "ROC_AUC": 0.21855991919191917
    },
    "DIF": {
      "PoBL(10%)": 0.172,
      "APFD": 0.55825512,
      "RAUC": 0.5610604221105527,
      "ROC_AUC": 0.5363636363636363
    },
    "SimiFeat": {
      "PoBL(10%)": 0.4,
      "APFD": 0.8738972799999999,
      "RAUC": 0.8782887236180903,
      "ROC_AUC": 0.843736101010101
    },
    "NCNV": {
      "PoBL(10%)": 1.0,
      "APFD": 0.99496612,
      "RAUC": 0.9999659497487438,
      "ROC_AUC": 0.9999657777777778
    },
    "DFauLo": {
      "PoBL(10%)": 0.998,
      "APFD": 0.9689325599999999,
      "RAUC": 0.9738015678391959,
      "ROC_AUC": 0.9832041212121213
    },
    "ADDFL": {
      "PoBL(10%)": 0.976,
      "APFD": 0.9820456799999999,
      "RAUC": 0.9869805829145729,
      "ROC_AUC": 0.9869148282828282
    }
  },
  "(c) Random Data Noise": {
    "DeepGini": {
      "PoBL(10%)": 0.5896,
      "APFD": 0.858137064,
      "RAUC": 0.8801405784615385,
      "ROC_AUC": 0.8769863831578948
    },
    "CleanLab": {
      "PoBL(10%)": 0.3032,
      "APFD": 0.8331226079999999,
      "RAUC": 0.8544847261538461,
      "ROC_AUC": 0.14934462315789476
    },
    "DIF": {
      "PoBL(10%)": 0.9992,
      "APFD": 0.9493000479999999,
      "RAUC": 0.973641074871795,
      "ROC_AUC": 0.9732631578947368
    },
    "SimiFeat": {
      "PoBL(10%)": 0.3804,
      "APFD": 0.7799603679999999,
      "RAUC": 0.799959351794872,
      "ROC_AUC": 0.7868250989473683
    },
    "NCNV": {
      "PoBL(10%)": 0.9824,
      "APFD": 0.9697006159999999,
      "RAUC": 0.9945647343589744,
      "ROC_AUC": 0.9944217010526316
    },
    "DFauLo": {
      "PoBL(10%)": 0.6,
      "APFD": 0.715884872,
      "RAUC": 0.7342408943589744,
      "ROC_AUC": 0.7316213305263157
    },
    "ADDFL": {
      "PoBL(10%)": 0.6944,
      "APFD": 0.9116638079999999,
      "RAUC": 0.9350398030769231,
      "ROC_AUC": 0.9333303242105264
    }
  },
  "(d) Specific Data Noise": {
    "DeepGini": {
      "PoBL(10%)": 0.132,
      "APFD": 0.6028527199999999,
      "RAUC": 0.6043636290726817,
      "ROC_AUC": 0.603369567839196
    },
    "CleanLab": {
      "PoBL(10%)": 0.664,
      "APFD": 0.88502552,
      "RAUC": 0.8872436290726817,
      "ROC_AUC": 0.1130396783919598
    },
    "DIF": {
      "PoBL(10%)": 1.0,
      "APFD": 0.9644132,
      "RAUC": 0.9668302756892231,
      "ROC_AUC": 0.9522613065326634
    },
    "SimiFeat": {
      "PoBL(10%)": 0.0,
      "APFD": 0.8362071999999999,
      "RAUC": 0.8383029573934837,
      "ROC_AUC": 0.8157789748743719
    },
    "NCNV": {
      "PoBL(10%)": 0.0,
      "APFD": 0.46961552,
      "RAUC": 0.47079250125313293,
      "ROC_AUC": 0.46946279396984925
    },
    "DFauLo": {
      "PoBL(10%)": 1.0,
      "APFD": 0.99331112,
      "RAUC": 0.9958006215538848,
      "ROC_AUC": 0.9909021909547739
    },
    "ADDFL": {
      "PoBL(10%)": 1.0,
      "APFD": 0.9823106399999999,
      "RAUC": 0.9847725714285716,
      "ROC_AUC": 0.9847343115577889
    }
  }
}