{
  "(a) Random Label Noise": {
    "DeepGini": {
      "PoBL(10%)": 0.1344,
      "APFD": 0.554407336,
      "RAUC": 0.5686229087179487,
      "ROC_AUC": 0.5572708799999999
    },
    "CleanLab": {
      "PoBL(10%)": 0.7036,
      "APFD": 0.899986544,
      "RAUC": 0.923063122051282,
      "ROC_AUC": 0.07896154105263159
    },
    "DIF": {
      "PoBL(10%)": 0.1652,
      "APFD": 0.5291871679999999,
      "RAUC": 0.5427560697435897,
      "ROC_AUC": 0.5344736842105263
    },
    "SimiFeat": {
      "PoBL(10%)": 0.3952,
      "APFD": 0.846878504,
      "RAUC": 0.8685933374358974,
      "ROC_AUC": 0.8783772378947369
    },
    "NCNV": {
      "PoBL(10%)": 0.9988,
      "APFD": 0.974216184,
      "RAUC": 0.9991960861538461,
      "ROC_AUC": 0.9991749305263158
    },
    "DFauLo": {
      "PoBL(10%)": 0.9172,
      "APFD": 0.947614592,
      "RAUC": 0.971912402051282,
      "ROC_AUC": 0.9712453389473684
    },
    "ADDFL": {
      "PoBL(10%)": 0.8272,
      "APFD": 0.936639464,
      "RAUC": 0.9606558605128205,
      "ROC_AUC": 0.9596202315789474
    }
  },
  "(b) Specific Label Noise": {
    "DeepGini": {
      "PoBL(10%)": 0.152,
      "APFD": 0.59207544,
      "RAUC": 0.5950506934673367,
      "ROC_AUC": 0.593005494949495
    },
    "CleanLab": {
      "PoBL(10%)": 0.728,
      "APFD": 0.9175427199999999,
      "RAUC": 0.922153487437186,
      "ROC_AUC": 0.07823965656565655
    },
    "DIF": {
      "PoBL(10%)": 0.172,
      "APFD": 0.55825512,
      "RAUC": 0.5610604221105527,
      "ROC_AUC": 0.5363636363636363
    },
    "SimiFeat": {
      "PoBL(10%)": 0.812,
      "APFD": 0.88030172,
      "RAUC": 0.8847253467336682,
      "ROC_AUC": 0.89626098989899
    },
    "NCNV": {
      "PoBL(10%)": 1.0,
      "APFD": 0.9947913599999999,
      "RAUC": 0.9997903115577889,
      "ROC_AUC": 0.9997892525252525
    },
    "DFauLo": {
      "PoBL(10%)": 0.998,
      "APFD": 0.9867025199999999,
      "RAUC": 0.9916608241206031,
      "ROC_AUC": 0.9934253333333334
    },
    "ADDFL": {
      "PoBL(10%)": 0.938,
      "APFD": 0.9725487199999999,
      "RAUC": 0.9774358994974874,
      "ROC_AUC": 0.9773180808080808
    }
  },
  "(c) Random Data Noise": {
    "DeepGini": {
      "PoBL(10%)": 0.0936,
      "APFD": 0.569191928,
      "RAUC": 0.5837865928205128,
      "ROC_AUC": 0.5728336084210526
    },
    "CleanLab": {
      "PoBL(10%)": 0.6724,
      "APFD": 0.875958928,
      "RAUC": 0.8984194133333334,
      "ROC_AUC": 0.1042537642105263
    },
    "DIF": {
      "PoBL(10%)": 0.9992,
      "APFD": 0.9493000479999999,
      "RAUC": 0.973641074871795,
      "ROC_AUC": 0.9732631578947368
    },
    "SimiFeat": {
      "PoBL(10%)": 0.4008,
      "APFD": 0.7906827759999999,
      "RAUC": 0.8109566933333334,
      "ROC_AUC": 0.8083866947368421
    },
    "NCNV": {
      "PoBL(10%)": 0.9968,
      "APFD": 0.968084544,
      "RAUC": 0.9929072246153845,
      "ROC_AUC": 0.9927205726315788
    },
    "DFauLo": {
      "PoBL(10%)": 1.0,
      "APFD": 0.949639296,
      "RAUC": 0.9739890215384617,
      "ROC_AUC": 0.9872247831578947
    },
    "ADDFL": {
      "PoBL(10%)": 0.7292,
      "APFD": 0.8978573839999999,
      "RAUC": 0.9208793682051283,
      "ROC_AUC": 0.9187974989473684
    }
  },
  "(d) Specific Data Noise": {
    "DeepGini": {
      "PoBL(10%)": 0.008,
      "APFD": 0.46538399999999996,
      "RAUC": 0.46655037593984966,
      "ROC_AUC": 0.4652100502512563
    },
    "CleanLab": {
      "PoBL(10%)": 0.408,
      "APFD": 0.79123048,
      "RAUC": 0.7932135137844611,
      "ROC_AUC": 0.20730605025125629
    },
    "DIF": {
      "PoBL(10%)": 1.0,
      "APFD": 0.9644132,
      "RAUC": 0.9668302756892231,
      "ROC_AUC": 0.9522613065326634
    },
    "SimiFeat": {
      "PoBL(10%)": 0.236,
      "APFD": 0.81892104,
      "RAUC": 0.8209734736842106,
      "ROC_AUC": 0.5678725226130653
    },
    "NCNV": {
      "PoBL(10%)": 0.988,
      "APFD": 0.9837151199999999,
      "RAUC": 0.9861805714285716,
      "ROC_AUC": 0.9861458492462313
    },
    "DFauLo": {
      "PoBL(10%)": 1.0,
      "APFD": 0.9933631199999999,
      "RAUC": 0.9958527518796993,
      "ROC_AUC": 0.9968966432160804
    },
    "ADDFL": {
      "PoBL(10%)": 0.988,
      "APFD": 0.9879923199999999,
      "RAUC": 0.9904684912280701,
      "ROC_AUC": 0.9904700703517588
    }
  }
}