{
  "(a) Random Label Noise": {
    "DeepGini": {
      "PoBL(10%)": 0.14375,
      "APFD": 0.5592241612220579,
      "RAUC": 0.5735632422790337,
      "ROC_AUC": 0.5623412230148535
    },
    "CleanLab": {
      "PoBL(10%)": 0.9958333333333333,
      "APFD": 0.9734455102523012,
      "RAUC": 0.9984056515408215,
      "ROC_AUC": 0.0016363049975777703
    },
    "DIF": {
      "PoBL(10%)": 0.5153846153846153,
      "APFD": 0.7058869896963347,
      "RAUC": 0.7239866560988047,
      "ROC_AUC": 0.7186867408906882
    },
    "SimiFeat": {
      "PoBL(10%)": 0.9799679487179487,
      "APFD": 0.9488910089476497,
      "RAUC": 0.9732215476386149,
      "ROC_AUC": 0.9762251302488839
    },
    "NCNV": {
      "PoBL(10%)": 0.004006410256410256,
      "APFD": 0.465829963898917,
      "RAUC": 0.042417784352399734,
      "ROC_AUC": 0.46551152026940446
    },
    "DFauLo": {
      "PoBL(10%)": 0.9971153846153846,
      "APFD": 0.9712951080703485,
      "RAUC": 0.9962001108413829,
      "ROC_AUC": 0.9960412273672963
    },
    "ADDFL": {
      "PoBL(10%)": 0.999198717948718,
      "APFD": 0.9747726131040434,
      "RAUC": 0.9997667826708136,
      "ROC_AUC": 0.9997557657704419
    }
  },
  "(b) Specific Label Noise": {
    "DeepGini": {
      "PoBL(10%)": 0.24583333333333332,
      "APFD": 0.867239983974359,
      "RAUC": 0.8689109666024407,
      "ROC_AUC": 0.8686578989703989
    },
    "CleanLab": {
      "PoBL(10%)": 0.9916666666666667,
      "APFD": 0.9899764957264957,
      "RAUC": 0.9918839648897452,
      "ROC_AUC": 0.008131703131703132
    },
    "DIF": {
      "PoBL(10%)": 0.32083333333333336,
      "APFD": 0.4602163962339743,
      "RAUC": 0.4611031330282595,
      "ROC_AUC": 0.6108429858429858
    },
    "SimiFeat": {
      "PoBL(10%)": 0.22708333333333333,
      "APFD": 0.7660835336538462,
      "RAUC": 0.7675596098265897,
      "ROC_AUC": 0.7773494057673744
    },
    "NCNV": {
      "PoBL(10%)": 0.8854166666666666,
      "APFD": 0.9579944411057693,
      "RAUC": 0.959840287813102,
      "ROC_AUC": 0.9597627677901114
    },
    "DFauLo": {
      "PoBL(10%)": 1.0,
      "APFD": 0.9637801148504274,
      "RAUC": 0.9656371092913723,
      "ROC_AUC": 0.994146992975118
    },
    "ADDFL": {
      "PoBL(10%)": 1.0,
      "APFD": 0.9978514790331197,
      "RAUC": 0.9997741215746093,
      "ROC_AUC": 0.9997721437955813
    }
  },
  "(c) Random Data Noise": {
    "DeepGini": {
      "PoBL(10%)": 0.9966346153846154,
      "APFD": 0.9746226693478797,
      "RAUC": 0.9996129942029535,
      "ROC_AUC": 0.9996028098398735
    },
    "CleanLab": {
      "PoBL(10%)": 0.9958333333333333,
      "APFD": 0.9719958369288297,
      "RAUC": 0.9969188071064918,
      "ROC_AUC": 0.003162276917021351
    },
    "DIF": {
      "PoBL(10%)": 0.7766025641025641,
      "APFD": 0.8429188034188034,
      "RAUC": 0.8645321060705675,
      "ROC_AUC": 0.8561066126855601
    },
    "SimiFeat": {
      "PoBL(10%)": 0.7907051282051282,
      "APFD": 0.8856369498890533,
      "RAUC": 0.9083455896297982,
      "ROC_AUC": 0.9025536141226772
    },
    "NCNV": {
      "PoBL(10%)": 0.8443910256410256,
      "APFD": 0.9425938527284682,
      "RAUC": 0.9667629258753518,
      "ROC_AUC": 0.9658882640024308
    },
    "DFauLo": {
      "PoBL(10%)": 0.99375,
      "APFD": 0.966543288492357,
      "RAUC": 0.9913264497357507,
      "ROC_AUC": 0.9924065603481089
    },
    "ADDFL": {
      "PoBL(10%)": 0.9988782051282051,
      "APFD": 0.9740192898380999,
      "RAUC": 0.9989941434236922,
      "ROC_AUC": 0.9989676627002665
    }
  },
  "(d) Specific Data Noise": {
    "DeepGini": {
      "PoBL(10%)": 0.004166666666666667,
      "APFD": 0.26489322916666663,
      "RAUC": 0.2651481793391081,
      "ROC_AUC": 0.2239658598265896
    },
    "CleanLab": {
      "PoBL(10%)": 0.004166666666666667,
      "APFD": 0.22498534321581196,
      "RAUC": 0.22520188348839693,
      "ROC_AUC": 0.8098085761881824
    },
    "DIF": {
      "PoBL(10%)": 0.6791666666666667,
      "APFD": 0.7257977764423077,
      "RAUC": 0.7264963306063522,
      "ROC_AUC": 0.7901412973667309
    },
    "SimiFeat": {
      "PoBL(10%)": 0.0,
      "APFD": 0.40200801282051285,
      "RAUC": 0.40239493102342,
      "ROC_AUC": 0.6223544877970455
    },
    "NCNV": {
      "PoBL(10%)": 0.125,
      "APFD": 0.5212985109508548,
      "RAUC": 0.5218002419527323,
      "ROC_AUC": 0.5213395318186683
    },
    "DFauLo": {
      "PoBL(10%)": 1.0,
      "APFD": 0.9958535990918804,
      "RAUC": 0.9968120722382633,
      "ROC_AUC": 0.9836591970402483
    },
    "ADDFL": {
      "PoBL(10%)": 0.9833333333333333,
      "APFD": 0.9935351228632479,
      "RAUC": 0.9944913645599401,
      "ROC_AUC": 0.9944861244915436
    }
  }
}