{
  "(a) Random Label Noise": {
    "DeepGini": {
      "PoBL(10%)": 0.12163461538461538,
      "APFD": 0.5289263796433268,
      "RAUC": 0.5424885945059761,
      "ROC_AUC": 0.5304488200013409
    },
    "CleanLab": {
      "PoBL(10%)": 0.9945512820512821,
      "APFD": 0.9728538405037804,
      "RAUC": 0.9977988107731081,
      "ROC_AUC": 0.002259115259178521
    },
    "DIF": {
      "PoBL(10%)": 0.5153846153846153,
      "APFD": 0.7058869896963347,
      "RAUC": 0.7239866560988047,
      "ROC_AUC": 0.7186867408906882
    },
    "SimiFeat": {
      "PoBL(10%)": 0.9665064102564103,
      "APFD": 0.9433610982700527,
      "RAUC": 0.967549844379541,
      "ROC_AUC": 0.9709834088117235
    },
    "NCNV": {
      "PoBL(10%)": 0.9883012820512821,
      "APFD": 0.9697256649100099,
      "RAUC": 0.9945904255487281,
      "ROC_AUC": 0.9944480662987906
    },
    "DFauLo": {
      "PoBL(10%)": 0.9950320512820513,
      "APFD": 0.9705311087483564,
      "RAUC": 0.995416521793186,
      "ROC_AUC": 0.9956596803198208
    },
    "ADDFL": {
      "PoBL(10%)": 0.9945512820512821,
      "APFD": 0.9730249283468935,
      "RAUC": 0.9979742854839934,
      "ROC_AUC": 0.9979209305739385
    }
  },
  "(b) Specific Label Noise": {
    "DeepGini": {
      "PoBL(10%)": 0.12916666666666668,
      "APFD": 0.751811531784188,
      "RAUC": 0.7532601089167201,
      "ROC_AUC": 0.752783777080652
    },
    "CleanLab": {
      "PoBL(10%)": 0.99375,
      "APFD": 0.9850897102029915,
      "RAUC": 0.9869877635945193,
      "ROC_AUC": 0.01303735655298155
    },
    "DIF": {
      "PoBL(10%)": 0.32083333333333336,
      "APFD": 0.4602163962339743,
      "RAUC": 0.4611031330282595,
      "ROC_AUC": 0.6108429858429858
    },
    "SimiFeat": {
      "PoBL(10%)": 0.9,
      "APFD": 0.9338712439903847,
      "RAUC": 0.9356706105491328,
      "ROC_AUC": 0.9460656722570784
    },
    "NCNV": {
      "PoBL(10%)": 0.96875,
      "APFD": 0.9834100060096154,
      "RAUC": 0.9853048229768786,
      "ROC_AUC": 0.9852764455303518
    },
    "DFauLo": {
      "PoBL(10%)": 1.0,
      "APFD": 0.955764640090812,
      "RAUC": 0.9576061904570756,
      "ROC_AUC": 0.9947618880040756
    },
    "ADDFL": {
      "PoBL(10%)": 1.0,
      "APFD": 0.9936240651709402,
      "RAUC": 0.995538562406337,
      "ROC_AUC": 0.9955299076978764
    }
  },
  "(c) Random Data Noise": {
    "DeepGini": {
      "PoBL(10%)": 0.9975961538461539,
      "APFD": 0.9744961142956936,
      "RAUC": 0.9994831941494291,
      "ROC_AUC": 0.9994695939954671
    },
    "CleanLab": {
      "PoBL(10%)": 0.9980769230769231,
      "APFD": 0.96528952991453,
      "RAUC": 0.9900405435020819,
      "ROC_AUC": 0.010221547458389563
    },
    "DIF": {
      "PoBL(10%)": 0.7766025641025641,
      "APFD": 0.8429188034188034,
      "RAUC": 0.8645321060705675,
      "ROC_AUC": 0.8561066126855601
    },
    "SimiFeat": {
      "PoBL(10%)": 0.7568910256410256,
      "APFD": 0.8352693527592867,
      "RAUC": 0.8566865156505505,
      "ROC_AUC": 0.8507320457671546
    },
    "NCNV": {
      "PoBL(10%)": 0.9230769230769231,
      "APFD": 0.9594638216017423,
      "RAUC": 0.9840654580530688,
      "ROC_AUC": 0.9836461259742985
    },
    "DFauLo": {
      "PoBL(10%)": 0.9993589743589744,
      "APFD": 0.9577757732885438,
      "RAUC": 0.9823341264497883,
      "ROC_AUC": 0.9923552380164539
    },
    "ADDFL": {
      "PoBL(10%)": 0.9762820512820513,
      "APFD": 0.9673986930370645,
      "RAUC": 0.9922037877303224,
      "ROC_AUC": 0.9919987546876622
    }
  },
  "(d) Specific Data Noise": {
    "DeepGini": {
      "PoBL(10%)": 0.1,
      "APFD": 0.36996207264957265,
      "RAUC": 0.3703181477916801,
      "ROC_AUC": 0.36970996240098475
    },
    "CleanLab": {
      "PoBL(10%)": 0.1,
      "APFD": 0.3712914997329059,
      "RAUC": 0.3716488544005989,
      "ROC_AUC": 0.6289498869353458
    },
    "DIF": {
      "PoBL(10%)": 0.6791666666666667,
      "APFD": 0.7257977764423077,
      "RAUC": 0.7264963306063522,
      "ROC_AUC": 0.7901412973667309
    },
    "SimiFeat": {
      "PoBL(10%)": 0.041666666666666664,
      "APFD": 0.34374652777777776,
      "RAUC": 0.3440773714041279,
      "ROC_AUC": 0.45938777831299504
    },
    "NCNV": {
      "PoBL(10%)": 0.3541666666666667,
      "APFD": 0.8321400574252137,
      "RAUC": 0.8329409621965566,
      "ROC_AUC": 0.8327800524512952
    },
    "DFauLo": {
      "PoBL(10%)": 1.0,
      "APFD": 0.9923902577457265,
      "RAUC": 0.993345397551064,
      "ROC_AUC": 0.9892886627595804
    },
    "ADDFL": {
      "PoBL(10%)": 0.725,
      "APFD": 0.9150908787393163,
      "RAUC": 0.91597162068228,
      "ROC_AUC": 0.9158906684864054
    }
  }
}