{
  "(a) Random Label Noise": {
    "DeepGini": {
      "PoBL(10%)": 0.123,
      "APFD": 0.5352902222222222,
      "RAUC": 0.5490156125356125,
      "ROC_AUC": 0.5371476023391812
    },
    "CleanLab": {
      "PoBL(10%)": 0.9953333333333333,
      "APFD": 0.9733636055555556,
      "RAUC": 0.9983216467236466,
      "ROC_AUC": 0.0017225204678362551
    },
    "DIF": {
      "PoBL(10%)": 0.27166666666666667,
      "APFD": 0.5857794055555556,
      "RAUC": 0.6007993903133902,
      "ROC_AUC": 0.5903245614035088
    },
    "SimiFeat": {
      "PoBL(10%)": 0.9893333333333333,
      "APFD": 0.9601575555555556,
      "RAUC": 0.9847769800569799,
      "ROC_AUC": 0.9858489298245614
    },
    "NCNV": {
      "PoBL(10%)": 0.9823333333333333,
      "APFD": 0.9678307944444445,
      "RAUC": 0.9926469686609686,
      "ROC_AUC": 0.9924534707602339
    },
    "DFauLo": {
      "PoBL(10%)": 0.9926666666666667,
      "APFD": 0.9683412166666667,
      "RAUC": 0.9931704786324786,
      "ROC_AUC": 0.9940710643274855
    },
    "ADDFL": {
      "PoBL(10%)": 0.982,
      "APFD": 0.9706798722222223,
      "RAUC": 0.9955690997150997,
      "ROC_AUC": 0.9954524970760232
    }
  },
  "(b) Specific Label Noise": {
    "DeepGini": {
      "PoBL(10%)": 0.186,
      "APFD": 0.8013062666666667,
      "RAUC": 0.8046590125523013,
      "ROC_AUC": 0.8038382521008403
    },
    "CleanLab": {
      "PoBL(10%)": 1.0,
      "APFD": 0.9885038666666667,
      "RAUC": 0.9926398661087866,
      "ROC_AUC": 0.007391058823529413
    },
    "DIF": {
      "PoBL(10%)": 0.28,
      "APFD": 0.6286052333333334,
      "RAUC": 0.6312353807531381,
      "ROC_AUC": 0.5907563025210084
    },
    "SimiFeat": {
      "PoBL(10%)": 0.658,
      "APFD": 0.9238584000000001,
      "RAUC": 0.9277239163179916,
      "ROC_AUC": 0.9197061680672269
    },
    "NCNV": {
      "PoBL(10%)": 1.0,
      "APFD": 0.9932732333333334,
      "RAUC": 0.9974291882845189,
      "ROC_AUC": 0.9974183865546219
    },
    "DFauLo": {
      "PoBL(10%)": 1.0,
      "APFD": 0.9830027666666667,
      "RAUC": 0.9871157489539748,
      "ROC_AUC": 0.9924213781512605
    },
    "ADDFL": {
      "PoBL(10%)": 1.0,
      "APFD": 0.9936131,
      "RAUC": 0.9977704769874477,
      "ROC_AUC": 0.9977611092436977
    }
  },
  "(c) Random Data Noise": {
    "DeepGini": {
      "PoBL(10%)": 0.9896666666666667,
      "APFD": 0.9732924444444445,
      "RAUC": 0.9982486609686608,
      "ROC_AUC": 0.9982025730994152
    },
    "CleanLab": {
      "PoBL(10%)": 0.9996666666666667,
      "APFD": 0.9654039111111111,
      "RAUC": 0.9901578575498575,
      "ROC_AUC": 0.010101146198830407
    },
    "DIF": {
      "PoBL(10%)": 0.351,
      "APFD": 0.6256005833333333,
      "RAUC": 0.6416416239316239,
      "ROC_AUC": 0.6321052631578947
    },
    "SimiFeat": {
      "PoBL(10%)": 0.7313333333333333,
      "APFD": 0.8455139277777779,
      "RAUC": 0.8671937720797719,
      "ROC_AUC": 0.8671227105263156
    },
    "NCNV": {
      "PoBL(10%)": 0.89,
      "APFD": 0.9487307166666668,
      "RAUC": 0.9730571452991453,
      "ROC_AUC": 0.9723481198830409
    },
    "DFauLo": {
      "PoBL(10%)": 0.9953333333333333,
      "APFD": 0.9538740222222223,
      "RAUC": 0.9783323304843303,
      "ROC_AUC": 0.9846522982456142
    },
    "ADDFL": {
      "PoBL(10%)": 0.9246666666666666,
      "APFD": 0.9571027000000001,
      "RAUC": 0.9816437948717948,
      "ROC_AUC": 0.9811607368421054
    }
  },
  "(d) Specific Data Noise": {
    "DeepGini": {
      "PoBL(10%)": 0.11333333333333333,
      "APFD": 0.4856954444444444,
      "RAUC": 0.48691272626009463,
      "ROC_AUC": 0.48557850362925736
    },
    "CleanLab": {
      "PoBL(10%)": 0.11333333333333333,
      "APFD": 0.4887983333333333,
      "RAUC": 0.49002339181286547,
      "ROC_AUC": 0.5117061139028476
    },
    "DIF": {
      "PoBL(10%)": 0.4,
      "APFD": 0.5492602222222223,
      "RAUC": 0.5506368142578668,
      "ROC_AUC": 0.6507537688442211
    },
    "SimiFeat": {
      "PoBL(10%)": 0.15,
      "APFD": 0.749400888888889,
      "RAUC": 0.7512790866054023,
      "ROC_AUC": 0.6135331099944166
    },
    "NCNV": {
      "PoBL(10%)": 0.9666666666666667,
      "APFD": 0.9633720555555556,
      "RAUC": 0.9657865218602061,
      "ROC_AUC": 0.965700558347292
    },
    "DFauLo": {
      "PoBL(10%)": 1.0,
      "APFD": 0.9547903888888889,
      "RAUC": 0.9571833472570315,
      "ROC_AUC": 0.9566452819653825
    },
    "ADDFL": {
      "PoBL(10%)": 0.9966666666666667,
      "APFD": 0.9952489444444444,
      "RAUC": 0.9977433027011974,
      "ROC_AUC": 0.9977376326074818
    }
  }
}