{
  "(a) Random Label Noise": {
    "DeepGini": {
      "PoBL(10%)": 0.288,
      "APFD": 0.6781859944444445,
      "RAUC": 0.6955753789173788,
      "ROC_AUC": 0.6875642046783625
    },
    "CleanLab": {
      "PoBL(10%)": 0.9933333333333333,
      "APFD": 0.9730837833333333,
      "RAUC": 0.9980346495726496,
      "ROC_AUC": 0.002017070175438604
    },
    "DIF": {
      "PoBL(10%)": 0.27166666666666667,
      "APFD": 0.5857794055555556,
      "RAUC": 0.6007993903133902,
      "ROC_AUC": 0.5903245614035088
    },
    "SimiFeat": {
      "PoBL(10%)": 0.956,
      "APFD": 0.9516422888888889,
      "RAUC": 0.9760433732193731,
      "ROC_AUC": 0.9743261842105263
    },
    "NCNV": {
      "PoBL(10%)": 0.853,
      "APFD": 0.9465866777777778,
      "RAUC": 0.9708581310541309,
      "ROC_AUC": 0.9700912543859648
    },
    "DFauLo": {
      "PoBL(10%)": 0.9956666666666667,
      "APFD": 0.97057285,
      "RAUC": 0.9954593333333333,
      "ROC_AUC": 0.9964868070175439
    },
    "ADDFL": {
      "PoBL(10%)": 1.0,
      "APFD": 0.9749972333333334,
      "RAUC": 0.9999971623931623,
      "ROC_AUC": 0.9999970877192982
    }
  },
  "(b) Specific Label Noise": {
    "DeepGini": {
      "PoBL(10%)": 0.848,
      "APFD": 0.9281293,
      "RAUC": 0.9320126861924689,
      "ROC_AUC": 0.9200457310924369
    },
    "CleanLab": {
      "PoBL(10%)": 0.88,
      "APFD": 0.9559078000000001,
      "RAUC": 0.9599074142259411,
      "ROC_AUC": 0.05729394957983193
    },
    "DIF": {
      "PoBL(10%)": 0.28,
      "APFD": 0.6286052333333334,
      "RAUC": 0.6312353807531381,
      "ROC_AUC": 0.5907563025210084
    },
    "SimiFeat": {
      "PoBL(10%)": 0.002,
      "APFD": 0.5372729666666667,
      "RAUC": 0.5395209707112971,
      "ROC_AUC": 0.45957384873949575
    },
    "NCNV": {
      "PoBL(10%)": 0.95,
      "APFD": 0.9745131666666668,
      "RAUC": 0.9785906276150629,
      "ROC_AUC": 0.9785006554621848
    },
    "DFauLo": {
      "PoBL(10%)": 0.972,
      "APFD": 0.9785906000000001,
      "RAUC": 0.9826851213389121,
      "ROC_AUC": 0.9789037647058823
    },
    "ADDFL": {
      "PoBL(10%)": 1.0,
      "APFD": 0.9957746000000001,
      "RAUC": 0.9999410209205022,
      "ROC_AUC": 0.9999407731092438
    }
  },
  "(c) Random Data Noise": {
    "DeepGini": {
      "PoBL(10%)": 0.9166666666666666,
      "APFD": 0.9255387277777778,
      "RAUC": 0.9492704900284901,
      "ROC_AUC": 0.9512309064327484
    },
    "CleanLab": {
      "PoBL(10%)": 0.915,
      "APFD": 0.9315560833333334,
      "RAUC": 0.9554421367521367,
      "ROC_AUC": 0.042244309941520466
    },
    "DIF": {
      "PoBL(10%)": 0.351,
      "APFD": 0.6256005833333333,
      "RAUC": 0.6416416239316239,
      "ROC_AUC": 0.6321052631578947
    },
    "SimiFeat": {
      "PoBL(10%)": 0.17333333333333334,
      "APFD": 0.522026638888889,
      "RAUC": 0.5354119373219374,
      "ROC_AUC": 0.5090169122807017
    },
    "NCNV": {
      "PoBL(10%)": 0.662,
      "APFD": 0.9107172166666667,
      "RAUC": 0.9340689401709401,
      "ROC_AUC": 0.9323339122807017
    },
    "DFauLo": {
      "PoBL(10%)": 0.4776666666666667,
      "APFD": 0.7756713555555557,
      "RAUC": 0.7955603646723645,
      "ROC_AUC": 0.7383190701754385
    },
    "ADDFL": {
      "PoBL(10%)": 1.0,
      "APFD": 0.9747425722222223,
      "RAUC": 0.9997359715099715,
      "ROC_AUC": 0.9997290233918129
    }
  },
  "(d) Specific Data Noise": {
    "DeepGini": {
      "PoBL(10%)": 0.016666666666666666,
      "APFD": 0.3387450555555555,
      "RAUC": 0.33959404065719867,
      "ROC_AUC": 0.4831182858738135
    },
    "CleanLab": {
      "PoBL(10%)": 0.013333333333333334,
      "APFD": 0.32864027777777777,
      "RAUC": 0.32946393762183235,
      "ROC_AUC": 0.5321319653824679
    },
    "DIF": {
      "PoBL(10%)": 0.4,
      "APFD": 0.5492602222222223,
      "RAUC": 0.5506368142578668,
      "ROC_AUC": 0.6507537688442211
    },
    "SimiFeat": {
      "PoBL(10%)": 0.0033333333333333335,
      "APFD": 0.33522888888888885,
      "RAUC": 0.33606906154274574,
      "ROC_AUC": 0.5
    },
    "NCNV": {
      "PoBL(10%)": 0.03333333333333333,
      "APFD": 0.7190305000000001,
      "RAUC": 0.7208325814536339,
      "ROC_AUC": 0.7201311557788945
    },
    "DFauLo": {
      "PoBL(10%)": 0.9533333333333334,
      "APFD": 0.9576116111111111,
      "RAUC": 0.9600116402116401,
      "ROC_AUC": 0.9624021496370743
    },
    "ADDFL": {
      "PoBL(10%)": 1.0,
      "APFD": 0.9957948333333334,
      "RAUC": 0.9982905597326649,
      "ROC_AUC": 0.9982862646566164
    }
  }
}