{
  "(a) Random Label Noise": {
    "DeepGini": {
      "PoBL(10%)": 0.09846972721224219,
      "APFD": 0.5027661732091373,
      "RAUC": 0.5156840588841862,
      "ROC_AUC": 0.5029120678062293
    },
    "CleanLab": {
      "PoBL(10%)": 0.980705256154358,
      "APFD": 0.969351086715458,
      "RAUC": 0.9942572303353587,
      "ROC_AUC": 0.005894213374609985
    },
    "DIF": {
      "PoBL(10%)": 0.5891550232867598,
      "APFD": 0.7521744954535374,
      "RAUC": 0.7715005851105569,
      "ROC_AUC": 0.7576346762557981
    },
    "SimiFeat": {
      "PoBL(10%)": 0.956420492348636,
      "APFD": 0.944730505655356,
      "RAUC": 0.9690040572904824,
      "ROC_AUC": 0.9685023456496722
    },
    "NCNV": {
      "PoBL(10%)": 0.9697272122421823,
      "APFD": 0.9670023286759815,
      "RAUC": 0.9918481241868623,
      "ROC_AUC": 0.991633146545687
    },
    "DFauLo": {
      "PoBL(10%)": 0.9916833000665336,
      "APFD": 0.9659917165668663,
      "RAUC": 0.9908115457888776,
      "ROC_AUC": 0.9915305193382055
    },
    "ADDFL": {
      "PoBL(10%)": 0.9717232202262143,
      "APFD": 0.9684894267021513,
      "RAUC": 0.9933734311525219,
      "ROC_AUC": 0.9931986747633271
    }
  },
  "(b) Specific Label Noise": {
    "DeepGini": {
      "PoBL(10%)": 0.1827768014059754,
      "APFD": 0.6708815905096661,
      "RAUC": 0.6740778429483126,
      "ROC_AUC": 0.6725176327266909
    },
    "CleanLab": {
      "PoBL(10%)": 0.9859402460456942,
      "APFD": 0.9709695518453427,
      "RAUC": 0.9755955005102622,
      "ROC_AUC": 0.02452132539044333
    },
    "DIF": {
      "PoBL(10%)": 0.5166959578207382,
      "APFD": 0.7248089484475688,
      "RAUC": 0.7282621246888018,
      "ROC_AUC": 0.7103174897717041
    },
    "SimiFeat": {
      "PoBL(10%)": 0.9490333919156415,
      "APFD": 0.9223623169302871,
      "RAUC": 0.926756688226963,
      "ROC_AUC": 0.9409486223467961
    },
    "NCNV": {
      "PoBL(10%)": 0.9894551845342706,
      "APFD": 0.9821405828939661,
      "RAUC": 0.9868197532238356,
      "ROC_AUC": 0.9867566585391118
    },
    "DFauLo": {
      "PoBL(10%)": 1.0,
      "APFD": 0.9903470269478618,
      "RAUC": 0.995065294887788,
      "ROC_AUC": 0.9989717366262996
    },
    "ADDFL": {
      "PoBL(10%)": 0.9859402460456942,
      "APFD": 0.9794420767428237,
      "RAUC": 0.9841083906953709,
      "ROC_AUC": 0.9840323165447228
    }
  },
  "(c) Random Data Noise": {
    "DeepGini": {
      "PoBL(10%)": 0.8389886892880905,
      "APFD": 0.9390028276779774,
      "RAUC": 0.9631292145012333,
      "ROC_AUC": 0.9621568877544768
    },
    "CleanLab": {
      "PoBL(10%)": 0.8419827012641384,
      "APFD": 0.9405690230649812,
      "RAUC": 0.9647356511256794,
      "ROC_AUC": 0.036194311964437155
    },
    "DIF": {
      "PoBL(10%)": 0.9151696606786427,
      "APFD": 0.908938051674429,
      "RAUC": 0.9322919654078969,
      "ROC_AUC": 0.9290555114636503
    },
    "SimiFeat": {
      "PoBL(10%)": 0.6813040585495675,
      "APFD": 0.80637751164338,
      "RAUC": 0.8270962732892762,
      "ROC_AUC": 0.8294960213505217
    },
    "NCNV": {
      "PoBL(10%)": 0.8423153692614771,
      "APFD": 0.9419345697493902,
      "RAUC": 0.9661362836549465,
      "ROC_AUC": 0.9652432569211392
    },
    "DFauLo": {
      "PoBL(10%)": 0.9836992681304059,
      "APFD": 0.9609147870924818,
      "RAUC": 0.985604171590832,
      "ROC_AUC": 0.9858883489294002
    },
    "ADDFL": {
      "PoBL(10%)": 0.8749168330006654,
      "APFD": 0.9460484808161456,
      "RAUC": 0.9703558960112268,
      "ROC_AUC": 0.969574151342891
    }
  },
  "(d) Specific Data Noise": {
    "DeepGini": {
      "PoBL(10%)": 0.04234527687296417,
      "APFD": 0.2949414495114006,
      "RAUC": 0.2956979434166416,
      "ROC_AUC": 0.29388683716154385
    },
    "CleanLab": {
      "PoBL(10%)": 0.0749185667752443,
      "APFD": 0.3068430781758958,
      "RAUC": 0.3076300985112537,
      "ROC_AUC": 0.6941499969087215
    },
    "DIF": {
      "PoBL(10%)": 0.9185667752442996,
      "APFD": 0.8838490499457112,
      "RAUC": 0.8861160301227751,
      "ROC_AUC": 0.911363195974888
    },
    "SimiFeat": {
      "PoBL(10%)": 0.08143322475570032,
      "APFD": 0.16443227470141147,
      "RAUC": 0.16485402625190598,
      "ROC_AUC": 0.4957367640758624
    },
    "NCNV": {
      "PoBL(10%)": 0.44299674267100975,
      "APFD": 0.8286438382193269,
      "RAUC": 0.8307692228143602,
      "ROC_AUC": 0.8303340201446586
    },
    "DFauLo": {
      "PoBL(10%)": 0.996742671009772,
      "APFD": 0.987610233441911,
      "RAUC": 0.9901433501794534,
      "ROC_AUC": 0.9954144307646655
    },
    "ADDFL": {
      "PoBL(10%)": 0.8925081433224755,
      "APFD": 0.9526387893593921,
      "RAUC": 0.9550822080082131,
      "ROC_AUC": 0.9549666750355824
    }
  }
}