{
  "(a) Random Label Noise": {
    "DeepGini": {
      "PoBL(10%)": 0.10479041916167664,
      "APFD": 0.5051007873142604,
      "RAUC": 0.5180786576893793,
      "ROC_AUC": 0.5053698150481738
    },
    "CleanLab": {
      "PoBL(10%)": 0.9973386560212908,
      "APFD": 0.9734697826569084,
      "RAUC": 0.9984817505071115,
      "ROC_AUC": 0.001558287549312132
    },
    "DIF": {
      "PoBL(10%)": 0.5891550232867598,
      "APFD": 0.7521744954535374,
      "RAUC": 0.7715005851105569,
      "ROC_AUC": 0.7576346762557981
    },
    "SimiFeat": {
      "PoBL(10%)": 0.9896872920825016,
      "APFD": 0.9597444499889112,
      "RAUC": 0.9844037642842309,
      "ROC_AUC": 0.9824023071284996
    },
    "NCNV": {
      "PoBL(10%)": 0.9933466400532269,
      "APFD": 0.9716224550898204,
      "RAUC": 0.9965869583976822,
      "ROC_AUC": 0.9964969524053272
    },
    "DFauLo": {
      "PoBL(10%)": 0.998003992015968,
      "APFD": 0.9705189787092482,
      "RAUC": 0.9954551297084447,
      "ROC_AUC": 0.995595169628459
    },
    "ADDFL": {
      "PoBL(10%)": 0.9963406520292748,
      "APFD": 0.9731583444222667,
      "RAUC": 0.9981623102951603,
      "ROC_AUC": 0.9981138482179878
    }
  },
  "(b) Specific Label Noise": {
    "DeepGini": {
      "PoBL(10%)": 0.15817223198594024,
      "APFD": 0.7077399384885765,
      "RAUC": 0.7111117935764514,
      "ROC_AUC": 0.7097288672462956
    },
    "CleanLab": {
      "PoBL(10%)": 0.9982425307557118,
      "APFD": 0.9841951230228472,
      "RAUC": 0.9888840817102901,
      "ROC_AUC": 0.011169130901872321
    },
    "DIF": {
      "PoBL(10%)": 0.5166959578207382,
      "APFD": 0.7248089484475688,
      "RAUC": 0.7282621246888018,
      "ROC_AUC": 0.7103174897717041
    },
    "SimiFeat": {
      "PoBL(10%)": 0.9332161687170475,
      "APFD": 0.9241936877562976,
      "RAUC": 0.9285967841745922,
      "ROC_AUC": 0.9397961730753086
    },
    "NCNV": {
      "PoBL(10%)": 1.0,
      "APFD": 0.993524560632689,
      "RAUC": 0.9982579671603073,
      "ROC_AUC": 0.998249627937631
    },
    "DFauLo": {
      "PoBL(10%)": 1.0,
      "APFD": 0.9823377123608671,
      "RAUC": 0.9870178218662159,
      "ROC_AUC": 0.996782936150883
    },
    "ADDFL": {
      "PoBL(10%)": 1.0,
      "APFD": 0.9934189074399532,
      "RAUC": 0.9981518106085888,
      "ROC_AUC": 0.9981429632077062
    }
  },
  "(c) Random Data Noise": {
    "DeepGini": {
      "PoBL(10%)": 0.8546240851630074,
      "APFD": 0.9455468063872257,
      "RAUC": 0.9698413317475003,
      "ROC_AUC": 0.9690460115667181
    },
    "CleanLab": {
      "PoBL(10%)": 0.9394544244843646,
      "APFD": 0.9564396983810158,
      "RAUC": 0.9810141016267663,
      "ROC_AUC": 0.019486576320403137
    },
    "DIF": {
      "PoBL(10%)": 0.9151696606786427,
      "APFD": 0.908938051674429,
      "RAUC": 0.9322919654078969,
      "ROC_AUC": 0.9290555114636503
    },
    "SimiFeat": {
      "PoBL(10%)": 0.7571523619427811,
      "APFD": 0.8293197826569084,
      "RAUC": 0.8506280144180813,
      "ROC_AUC": 0.854551042258163
    },
    "NCNV": {
      "PoBL(10%)": 0.8838988689288091,
      "APFD": 0.9513315701929475,
      "RAUC": 0.9757747271069772,
      "ROC_AUC": 0.9751358747454618
    },
    "DFauLo": {
      "PoBL(10%)": 0.9960079840319361,
      "APFD": 0.956714753825682,
      "RAUC": 0.9812962242429684,
      "ROC_AUC": 0.9834949592924432
    },
    "ADDFL": {
      "PoBL(10%)": 0.9730538922155688,
      "APFD": 0.9657355511199823,
      "RAUC": 0.9905487985229829,
      "ROC_AUC": 0.9902995590272474
    }
  },
  "(d) Specific Data Noise": {
    "DeepGini": {
      "PoBL(10%)": 0.34201954397394135,
      "APFD": 0.7306326547231271,
      "RAUC": 0.7325066509050256,
      "ROC_AUC": 0.7318187942202204
    },
    "CleanLab": {
      "PoBL(10%)": 0.4788273615635179,
      "APFD": 0.7726112649294246,
      "RAUC": 0.7745929318467324,
      "ROC_AUC": 0.2259867549220766
    },
    "DIF": {
      "PoBL(10%)": 0.9185667752442996,
      "APFD": 0.8838490499457112,
      "RAUC": 0.8861160301227751,
      "ROC_AUC": 0.911363195974888
    },
    "SimiFeat": {
      "PoBL(10%)": 0.28338762214983715,
      "APFD": 0.35331435939196526,
      "RAUC": 0.35422057369299653,
      "ROC_AUC": 0.6035097824913151
    },
    "NCNV": {
      "PoBL(10%)": 0.9869706840390879,
      "APFD": 0.9858997557003258,
      "RAUC": 0.988428485241736,
      "ROC_AUC": 0.9883987291980558
    },
    "DFauLo": {
      "PoBL(10%)": 0.993485342019544,
      "APFD": 0.9878478555917481,
      "RAUC": 0.9903815818051998,
      "ROC_AUC": 0.9956889624878129
    },
    "ADDFL": {
      "PoBL(10%)": 0.9837133550488599,
      "APFD": 0.9884070304017373,
      "RAUC": 0.9909421908399695,
      "ROC_AUC": 0.9909188987670956
    }
  }
}