{
    "Select Subset": 0.03918957710266113,
    "Mutation&Extraction": 123.61724281311035,
    "Initialize Susp": 1.4549260139465332,
    "all": 125.11135840415955
}