{
    "Select Subset": 398.7540793418884,
    "Mutation&Extraction": 1420.6895098686218,
    "Initialize Susp": 0.6279439926147461,
    "Update Susp": 3.162199020385742,
    "all": 1823.2337322235107
}