{
    "Adversarial": {
        "pobl10": 0.8272,
        "apfd": 0.9366581279999999,
        "rauc": 0.9605128205128205,
        "roc_auc": 0.9596202315789474
    },
    "DFauLo_noManual": {
        "pobl10": 0.8784,
        "apfd": 0.9396819839999999,
        "rauc": 0.9635897435897436,
        "roc_auc": 0.9628020884210526
    },
    "DFauLo_Manual": {
        "pobl10": 0.9168,
        "apfd": 0.9477030719999999,
        "rauc": 0.9717333333333333,
        "roc_auc": 0.9712453389473684
    },
    "CleanLab": {
        "pobl10": 0.7036,
        "apfd": 0.9000065439999999,
        "rauc": 0.9229374358974358,
        "roc_auc": 0.9210384589473684
    },
    "SemiFeat": {
        "pobl10": 0.476,
        "apfd": 0.8584162,
        "rauc": 0.8806030769230768,
        "roc_auc": 0.8783772378947369
    },
    "NVNC": {
        "pobl10": 0.9988,
        "apfd": 0.974236184,
        "rauc": 0.9989784615384616,
        "roc_auc": 0.9991749305263158
    },
    "DIF": {
        "pobl10": 0.1648,
        "apfd": 0.548975168,
        "rauc": 0.5631425641025641,
        "roc_auc": 0.5344736842105263
    },
    "DeepGini": {
        "pobl10": 0.1344,
        "apfd": 0.5544273359999999,
        "rauc": 0.5687671794871795,
        "roc_auc": 0.5572708799999999
    }
}