{
    "Select Subset": 0.19754576683044434,
    "Mutation&Extraction": 225.76466178894043,
    "Initialize Susp": 3.940364122390747,
    "all": 229.90257167816162
}