{
    "Select Subset": 715.6395308971405,
    "Mutation&Extraction": 3647.90398645401,
    "Initialize Susp": 2.691988945007324,
    "Update Susp": 23.860065460205078,
    "all": 4390.095571756363
}