{
    "Adversarial": {
        "pobl10": 0.999198717948718,
        "apfd": 0.9747845604248849,
        "rauc": 0.999699211045365,
        "roc_auc": 0.9997557657704419
    },
    "DFauLo_noManual": {
        "pobl10": 0.9947115384615385,
        "apfd": 0.970935711240549,
        "rauc": 0.9956492439184748,
        "roc_auc": 0.9957133667579328
    },
    "DFauLo_Manual": {
        "pobl10": 0.9955128205128205,
        "apfd": 0.9712471788194444,
        "rauc": 0.9960749506903354,
        "roc_auc": 0.9960412273672963
    },
    "CleanLab": {
        "pobl10": 0.9958333333333333,
        "apfd": 0.973453523072814,
        "rauc": 0.9982527942143328,
        "roc_auc": 0.9983636950024222
    },
    "SemiFeat": {
        "pobl10": 0.9806089743589743,
        "apfd": 0.9471531591572157,
        "rauc": 0.971198224852071,
        "roc_auc": 0.9762251302488839
    },
    "NVNC": {
        "pobl10": 0.021153846153846155,
        "apfd": 0.2513975116596811,
        "rauc": 0.2579799474030243,
        "roc_auc": 0.3354528351975846
    },
    "DIF": {
        "pobl10": 0.5150641025641025,
        "apfd": 0.6227832223865878,
        "rauc": 0.6385979618671926,
        "roc_auc": 0.7186867408906882
    },
    "DeepGini": {
        "pobl10": 0.14375,
        "apfd": 0.5592321740425708,
        "rauc": 0.5735141354372123,
        "roc_auc": 0.5623412230148535
    }
}