{
    "Select Subset": 0.04306435585021973,
    "Mutation&Extraction": 69.89688467979431,
    "Initialize Susp": 1.3067166805267334,
    "all": 71.24666571617126
}