{
    "Select Subset": 276.7389214038849,
    "Mutation&Extraction": 1239.302532672882,
    "Initialize Susp": 0.6938760280609131,
    "Update Susp": 3.2399637699127197,
    "all": 1519.9752938747406
}