{
    "Adversarial": {
        "pobl10": 0.89,
        "apfd": 0.9525577599999999,
        "rauc": 0.9767753846153847,
        "roc_auc": 0.9763555368421053
    },
    "DFauLo_noManual": {
        "pobl10": 0.1732,
        "apfd": 0.8784933279999999,
        "rauc": 0.9008902564102564,
        "roc_auc": 0.8983929768421052
    },
    "DFauLo_Manual": {
        "pobl10": 0.9456,
        "apfd": 0.9542481519999999,
        "rauc": 0.9785353846153847,
        "roc_auc": 0.9781348968421053
    },
    "CleanLab": {
        "pobl10": 0.4744,
        "apfd": 0.828082,
        "rauc": 0.8492676923076922,
        "roc_auc": 0.845328425263158
    },
    "SemiFeat": {
        "pobl10": 0.382,
        "apfd": 0.816149096,
        "rauc": 0.8367794871794871,
        "roc_auc": 0.8330575873684211
    },
    "NVNC": {
        "pobl10": 0.9992,
        "apfd": 0.9746069599999999,
        "rauc": 0.9993846153846155,
        "roc_auc": 0.9995652210526316
    },
    "DIF": {
        "pobl10": 0.1648,
        "apfd": 0.548975168,
        "rauc": 0.5631425641025641,
        "roc_auc": 0.5344736842105263
    },
    "DeepGini": {
        "pobl10": 0.1032,
        "apfd": 0.50635804,
        "rauc": 0.5193230769230767,
        "roc_auc": 0.5066716210526315
    }
}