{
    "Select Subset": 0.04601931571960449,
    "Mutation&Extraction": 21.093793392181396,
    "Initialize Susp": 0.4420199394226074,
    "all": 21.58183264732361
}