{
    "Select Subset": 159.33803462982178,
    "Mutation&Extraction": 706.7805848121643,
    "Initialize Susp": 0.4179341793060303,
    "Update Susp": 5.877743244171143,
    "all": 872.4142968654633
}