{
    "Adversarial": {
        "pobl10": 0.9717232202262143,
        "apfd": 0.968506093368818,
        "rauc": 0.9932575144932727,
        "roc_auc": 0.9931986747633271
    },
    "DFauLo_Manual": {
        "pobl10": 0.9913506320691949,
        "apfd": 0.966921506986028,
        "rauc": 0.9914592908788776,
        "roc_auc": 0.9915305193382055
    },
    "CleanLab": {
        "pobl10": 0.980705256154358,
        "apfd": 0.9693677533821247,
        "rauc": 0.9940593789133542,
        "roc_auc": 0.99410578662539
    },
    "SemiFeat": {
        "pobl10": 0.9567531603459747,
        "apfd": 0.9450489853626082,
        "rauc": 0.9695052667137548,
        "roc_auc": 0.9685023456496722
    },
    "NVNC": {
        "pobl10": 0.9697272122421823,
        "apfd": 0.9670189897981815,
        "rauc": 0.9916606100311534,
        "roc_auc": 0.991633146545687
    },
    "DIF": {
        "pobl10": 0.5894876912840985,
        "apfd": 0.7368337768906632,
        "rauc": 0.7556906782408117,
        "roc_auc": 0.7576346762557981
    },
    "DeepGini": {
        "pobl10": 0.09846972721224219,
        "apfd": 0.5027828398758041,
        "rauc": 0.5156397683806093,
        "roc_auc": 0.5029120678062293
    }
}