{
    "Select Subset": 0.05044364929199219,
    "Mutation&Extraction": 18.59220838546753,
    "Initialize Susp": 0.47150659561157227,
    "all": 19.114158630371094
}