{
    "Select Subset": 168.51509189605713,
    "Mutation&Extraction": 630.4079556465149,
    "Initialize Susp": 0.36794066429138184,
    "Update Susp": 5.598459720611572,
    "all": 804.889447927475
}