{
    "Adversarial": {
        "pobl10": 0.9963406520292748,
        "apfd": 0.9731750110889333,
        "rauc": 0.9980072816113721,
        "roc_auc": 0.9981138482179878
    },
    "DFauLo_Manual": {
        "pobl10": 0.9976713240186295,
        "apfd": 0.9707825182967399,
        "rauc": 0.9954174301439602,
        "roc_auc": 0.995595169628459
    },
    "CleanLab": {
        "pobl10": 0.9973386560212908,
        "apfd": 0.9734864493235751,
        "rauc": 0.9983314395684263,
        "roc_auc": 0.9984417124506878
    },
    "SemiFeat": {
        "pobl10": 0.9903526280771789,
        "apfd": 0.9591229485473498,
        "rauc": 0.9837102096107713,
        "roc_auc": 0.9824023071284996
    },
    "NVNC": {
        "pobl10": 0.9933466400532269,
        "apfd": 0.971639121756487,
        "rauc": 0.9964035527712093,
        "roc_auc": 0.9964969524053272
    },
    "DIF": {
        "pobl10": 0.5894876912840985,
        "apfd": 0.7368337768906632,
        "rauc": 0.7556906782408117,
        "roc_auc": 0.7576346762557981
    },
    "DeepGini": {
        "pobl10": 0.10479041916167664,
        "apfd": 0.5051174539809271,
        "rauc": 0.5181170176103077,
        "roc_auc": 0.5053698150481738
    }
}